번호,업소명,업체 주소,건물 지번주소,월세 카운트,전세 카운트
1,더심플하우스,"[157811] 서울특별시 강서구 공항대로5길 34, 3층 (공항동)",서울 강서구 공항동 24-4,1,0
2,LUMINA,"서울특별시 마포구 월드컵로11길 72, 4층 401호 (망원동)",서울 마포구 망원동 413-50,0,3
3,3베드 레지던스역삼,"서울특별시 강남구 역삼로17길 35, 402호 (역삼동, 더클래스)",서울 강남구 역삼동 744-17,0,2
4,스테이 감,"서울특별시 동대문구 망우로12라길 38, 203호 (휘경동, 로즈힐)",서울 동대문구 휘경동 295-84,1,0
5,미까사,"서울특별시 송파구 삼학사로8길 23, 303호 (석촌동)",서울 송파구 석촌동 230-18,2,0
6,망원루,"서울특별시 마포구 월드컵로11길 72, 5층 502호 (망원동)",서울 마포구 망원동 413-50,0,3
7,코맘하우스,"서울특별시 강남구 역삼로17길 35, 401호 (역삼동, 더클래스)",서울 강남구 역삼동 744-17,0,2
8,지제이(GJ),"서울특별시 강남구 역삼로5길 9-1, 401호 (역삼동)",서울 강남구 역삼동 830-18,1,0
9,Maison de Jann,"서울특별시 광진구 자양로6길 50, B01호 (자양동)",서울 광진구 자양동 684-7,1,0
10,flat home,"서울특별시 도봉구 도봉로134길 22, 애스테이 101동 401호 (창동)",서울 도봉구 창동 731-123,0,1
11,늘솜 스테이(서울),"서울특별시 중랑구 사가정로52길 37, 102동 5층 501호 (면목동, ES팰리스)",서울 중랑구 면목동 633-3,5,0
12,고요,"서울특별시 중랑구 사가정로52길 37, 102동 7층 704호 (면목동, ES팰리스)",서울 중랑구 면목동 633-3,5,0
13,하루스테이,"서울특별시 강서구 공항대로5길 34, 102호 (공항동)",서울 강서구 공항동 24-4,1,0
14,컴피화곡,"서울특별시 강서구 화곡로33길 5-13, 202호 (화곡동)",서울 강서구 화곡동 111-50,1,0
15,사가정 모던하우스,"서울특별시 중랑구 사가정로52길 37, 102동 8층 802호 (면목동, ES팰리스)",서울 중랑구 면목동 633-3,5,0
16,오드리하우스,"서울특별시 중랑구 사가정로52길 37, 102동 4층 404호 (면목동, ES팰리스)",서울 중랑구 면목동 633-3,5,0
17,온기스테이,"서울특별시 마포구 월드컵로11길 72, 5층 501호 (망원동)",서울 마포구 망원동 413-50,0,3
18,스테이 서울바이브,"서울특별시 마포구 월드컵로11길 72, 6층 601호 (망원동)",서울 마포구 망원동 413-50,0,3
19,레이크 게스트하우스,[138842] 서울특별시 송파구 삼학사로14길 24-1 (석촌동),서울 송파구 석촌동 16-7,1,0
20,My Holiday Seongsu,"서울특별시 광진구 동일로10다길 13-5, 203호 (자양동, 엘케이플레이스8차)",서울 광진구 자양동 842-32,3,2
21,CB 어반 스테이,"서울특별시 광진구 동일로10다길 13-5, 202호 (자양동, 엘케이플레이스8차)",서울 광진구 자양동 842-32,3,2
22,소소담,"서울특별시 광진구 동일로10다길 13-5, 402호 (자양동, 엘케이플레이스8차)",서울 광진구 자양동 842-32,3,2
23,윈드로드 앤 플라워 게스트하우스(Windroad & Flower Guesthouse,"[110812] 서울특별시 종로구 창경궁로27길 66-12, 201호 (명륜3가)",서울 종로구 명륜3가 85-5,0,1
24,서울 타이완 게스트하우스2,"서울특별시 중구 퇴계로10길 20-14, 전층 (회현동1가)",서울 중구 회현동1가 88-3,0,1
25,인터프렌즈,"서울특별시 강남구 논현로121길 61, B102호 (논현동)",서울 강남구 논현동 172-1,3,0
26,잠실 홈스테이,서울특별시 송파구 도곡로64길 32-1 (잠실동),서울 송파구 잠실동 309-13,1,0
27,스테이 노브(Stay NOV),"서울특별시 송파구 백제고분로46길 4-17, B03호 (송파동)",서울 송파구 송파동 133-14,1,0
28,WOOSOO604,"서울특별시 중랑구 사가정로52길 37, 102동 604호 (면목동, ES팰리스)",서울 중랑구 면목동 633-3,5,0
29,미까사,"서울특별시 송파구 삼학사로8길 23, 203호 (석촌동)",서울 송파구 석촌동 230-18,2,0
30,안느스테이,"서울특별시 강남구 봉은사로13길 22, B02호 (논현동, 금화빌라)",서울 강남구 논현동 189-3,1,0
31,빌라 드 사가,"서울특별시 중랑구 사가정로52길 37, 101동 501호 (면목동, ES팰리스)",서울 중랑구 면목동 633-3,5,0
32,고요리 스테이(Goyori Stay),"서울특별시 중랑구 사가정로52길 37, 102동 602호 (면목동, ES팰리스)",서울 중랑구 면목동 633-3,5,0
33,스테이 숨,"서울특별시 중랑구 사가정로52길 37, 102동 502호 (면목동, ES팰리스)",서울 중랑구 면목동 633-3,5,0
34,끌림스테이,"서울특별시 중랑구 사가정로52길 37, 101동 603호 (면목동, ES팰리스)",서울 중랑구 면목동 633-3,5,0
35,룸메이트 스칼렛 603(Scarlet Room Mate 603),"서울특별시 중랑구 사가정로52길 37, 102동 603호 (면목동, ES팰리스)",서울 중랑구 면목동 633-3,5,0
36,Blanc suite(블랑스위트),"서울특별시 중랑구 사가정로52길 37, 101동 504호 (면목동, ES팰리스)",서울 중랑구 면목동 633-3,5,0
37,SHIM STAY,"서울특별시 중랑구 사가정로52길 37, 101동 601호 (면목동, ES팰리스)",서울 중랑구 면목동 633-3,5,0
38,사가하우스,"서울특별시 중랑구 사가정로52길 37, 101동 404호 (면목동, ES팰리스)",서울 중랑구 면목동 633-3,5,0
39,에피소드 23,"서울특별시 중랑구 사가정로52길 37, 102동 402호 (면목동, ES팰리스)",서울 중랑구 면목동 633-3,5,0
40,NEST9,"서울특별시 중랑구 사가정로52길 37, 102동 801호 (면목동, ES팰리스)",서울 중랑구 면목동 633-3,5,0
41,Haven in Seoul,"서울특별시 중랑구 사가정로52길 37, 102동 504호 (면목동, ES팰리스)",서울 중랑구 면목동 633-3,5,0
42,미소 하우스,"서울특별시 송파구 백제고분로46길 4-17, B02호 (송파동)",서울 송파구 송파동 133-14,1,0
43,성수 포레스트 로프트,"서울특별시 성동구 왕십리로16가길 10-7, 2층 (성수동1가)",서울 성동구 성수동1가 656-1140,1,0
44,아라 하우스,"서울특별시 종로구 성균관로17길 33, 202호 (명륜1가, 방산아파트)",서울 종로구 명륜1가 5-89,1,0
45,파크스테이,"서울특별시 광진구 능동로32길 82-14, 103호 (능동)",서울 광진구 능동 240-17,1,0
46,온담,"서울특별시 강서구 강서로26길 50, 가동 비02호 (화곡동, 까치맨션)",서울 강서구 화곡동 98-135,1,0
47,온유,"서울특별시 강서구 공항대로5길 34, 201호 (공항동)",서울 강서구 공항동 24-4,1,0
48,더서울,"서울특별시 관악구 신림동1길 20-6, A동 903호 (신림동)",서울 관악구 신림동 1432-178,3,0
49,더밤스테이 강남,"서울특별시 강남구 강남대로94길 51-4, 401호 (역삼동)",서울 강남구 역삼동 636-24,3,0
50,웰컴서울,"서울특별시 강남구 논현로114길 8, 401호 (논현동)",서울 강남구 논현동 234-1,2,0
51,스테이 수,"서울특별시 강남구 언주로93길 22-2, 401호 (역삼동)",서울 강남구 역삼동 673-35,1,0
52,Dana Stay,"서울특별시 강서구 화곡로35길 23-44, 101호 (화곡동, 강서미리네)",서울 강서구 화곡동 111-141,3,0
53,가온재,"서울특별시 강남구 역삼로67길 15, 6층 (대치동, 케희빌딩)",서울 강남구 대치동 900-16,1,0
54,신림역별빛거리 하우스,"서울특별시 관악구 신림동1길 20-6, A동 902호 (신림동)",서울 관악구 신림동 1432-178,3,0
55,부자,"서울특별시 노원구 덕릉로90길 5, 703호 (중계동, 중계쉐르빌)",서울 노원구 중계동 134-2,1,0
56,알레드반포,"서울특별시 서초구 주흥길 47, B01호 (반포동)",서울 서초구 반포동 716-25,1,0
57,조로하우스,"서울특별시 관악구 신림동1길 20-6, 제에이동 1002호 (신림동)",서울 관악구 신림동 1432-178,3,0
58,Nuaz11,"서울특별시 관악구 신림동1길 20-6, 도라샘타워 제에이동 제9,10,11층 제다가구주택호 11층 1102호 (신림동)",서울 관악구 신림동 1432-178,3,0
59,박씨집안,"서울특별시 노원구 덕릉로90길 5, 402호 (중계동, 중계쉐르빌)",서울 노원구 중계동 134-2,1,0
60,중구 마루,"서울특별시 중구 동호로25가길 21-2, 101호 (장충동2가, 우원빌라)",서울 중구 장충동2가 193-120,1,0
61,원더 서울,"서울특별시 중랑구 봉우재로71길 73-5, 201호 (망우동)",서울 중랑구 망우동 512-28,1,0
62,다올(DAOL STAY),"서울특별시 관악구 신림로66길 41, 802호 (신림동)",서울 관악구 신림동 1420-6,4,0
63,슈퍼스타 Superstar,"서울특별시 관악구 인헌12나길 7, 301호 (봉천동, 하나빌라)",서울 관악구 봉천동 180-75,2,0
64,Dear You Stay,"서울특별시 마포구 월드컵북로12길 82, 2층 202호 (성산동)",서울 마포구 성산동 21-16,1,0
65,Elaine's healing stay,"서울특별시 관악구 남부순환로161나길 48, b02호 (신림동)",서울 관악구 신림동 467-21,1,0
66,스테이리움,"서울특별시 관악구 남부순환로164길 46, 302호 (신림동, 휴스테이)",서울 관악구 신림동 440-61,2,0
67,성수하임,"서울특별시 성동구 연무장1길 8-13, 지하층 101호 (성수동2가)",서울 성동구 성수동2가 301-27,0,1
68,달래하우스,"서울특별시 성동구 연무장1길 12, 2층 201호 (성수동2가)",서울 성동구 성수동2가 301-27,0,1
69,서울 타이완 게스트하우스2,"서울특별시 중구 퇴계로10길 20-14, 전층 (회현동1가)",서울 중구 회현동1가 88-3,0,1
70,Wooseung Stay,"서울특별시 성동구 연무장1길 8-13, 지하1층 102호 (성수동2가)",서울 성동구 성수동2가 301-27,0,1
71,그린 올리브 스테이,"서울특별시 마포구 월드컵북로12길 82, 2층 201호 (성산동)",서울 마포구 성산동 21-16,1,0
72,창범하우스,"서울특별시 강남구 언주로138길 18, 302호 (논현동)",서울 강남구 논현동 107-27,2,0
73,비스타스테이,"서울특별시 마포구 월드컵북로8길 37, 5층 501호 (연남동, 골든빌)",서울 마포구 연남동 487-127,1,0
74,레이크 게스트하우스,서울특별시 송파구 삼학사로14길 24-1 (석촌동),서울 송파구 석촌동 16-7,1,0
75,휴 하우스 (Hue house),서울특별시 구로구 경인로47길 44-12 (고척동),서울 구로구 고척동 52-212,1,0
76,휴플랜 게스트하우스,"서울특별시 도봉구 우이천로22길 16-13, 702호 (창동, The H 2차)",서울 도봉구 창동 635-31,0,1
77,모노홈2,"서울특별시 마포구 와우산로24길 17, 303호 (창전동)",서울 마포구 창전동 436-1,1,0
78,K1 HOUSE,"서울특별시 마포구 동교로50길 30, 104호 (연남동, 화랑빌라)",서울 마포구 연남동 226-33,1,0
79,서울 타이완 게스트하우스,서울특별시 중구 퇴계로10길 20-14 (회현동1가),서울 중구 회현동1가 88-3,0,1
80,연남동 해피하우스,"서울특별시 마포구 동교로50길 30, 103호 (연남동, 화랑빌라)",서울 마포구 연남동 226-33,1,0
81,은율하우스,"서울특별시 강서구 까치산로22길 21-1, 은율하우스 203호 (화곡동)",서울 강서구 화곡동 958-3,1,0
82,더 존 스테이,"서울특별시 강동구 진황도로27가길 6-7, 13층 1303호 (천호동)",서울 강동구 천호동 166-71,2,0
83,홍스 하우스,"서울특별시 마포구 독막로19길 35, B01호 (상수동)",서울 마포구 상수동 93-25,1,0
84,경리단집,서울특별시 용산구 회나무로28길 27 (이태원동),서울 용산구 이태원동 210-23,1,0
